{
    "word": [
        {
            "name": "Player 1",
            "word": "jut",
            "score": 30
        },
        {
            "name": "Player 2",
            "word": "nimbi",
            "score": 18
        },
        {
            "name": "Player 1",
            "word": "flinch",
            "score": 28
        },
        {
            "name": "Player 2",
            "word": "pupa",
            "score": 22
        },
        {
            "name": "Player 1",
            "word": "decode",
            "score": 20
        },
        {
            "name": "Player 2",
            "word": "torrid",
            "score": 13
        },
        {
            "name": "Player 1",
            "word": "aweing",
            "score": 11
        },
        {
            "name": "Player 2",
            "word": "wrung",
            "score": 30
        },
        {
            "name": "Jill",
            "word": "bird",
            "score": 50
        },
        {
            "name": "John",
            "word": "goal",
            "score": 20
        },
        {
            "name": "Jack",
            "word": "cake",
            "score": 10
        },
        {
            "name": "Jack",
            "word": "Success",
            "score": 40
        }
    ],
    "game": [
        {
            "name": "Jack",
            "score": 40
        },
        {
            "name": "John",
            "score": 50
        },
        {
            "name": "Jill",
            "score": 200
        },
        {
            "name": "Player 1",
            "score": 0
        },
        {
            "name": "Player 2",
            "score": 0
        },
        {
            "name": "Romio",
            "score": 167
        },
        {
            "name": "Juliet",
            "score": 199
        }
    ]
}